model,mse,r2
Linear Regression,2900.1936284934814,0.4526027629719195
Random Forest,2952.0105887640448,0.4428225673999313
